{
  "hash": "a0edacff",
  "configHash": "d1d9851a",
  "lockfileHash": "1caee6ff",
  "browserHash": "e0e4ce2c",
  "optimized": {
    "@angular/common": {
      "src": "../../../../../node_modules/@angular/common/fesm2022/common.mjs",
      "file": "@angular_common.js",
      "fileHash": "5ae61cea",
      "needsInterop": false
    },
    "@angular/common/http": {
      "src": "../../../../../node_modules/@angular/common/fesm2022/http.mjs",
      "file": "@angular_common_http.js",
      "fileHash": "598c928c",
      "needsInterop": false
    },
    "@angular/core": {
      "src": "../../../../../node_modules/@angular/core/fesm2022/core.mjs",
      "file": "@angular_core.js",
      "fileHash": "2c152857",
      "needsInterop": false
    },
    "@angular/forms": {
      "src": "../../../../../node_modules/@angular/forms/fesm2022/forms.mjs",
      "file": "@angular_forms.js",
      "fileHash": "1d72e461",
      "needsInterop": false
    },
    "@angular/material/dialog": {
      "src": "../../../../../node_modules/@angular/material/fesm2022/dialog.mjs",
      "file": "@angular_material_dialog.js",
      "fileHash": "98747ada",
      "needsInterop": false
    },
    "@angular/platform-browser": {
      "src": "../../../../../node_modules/@angular/platform-browser/fesm2022/platform-browser.mjs",
      "file": "@angular_platform-browser.js",
      "fileHash": "821089b1",
      "needsInterop": false
    },
    "@angular/platform-browser/animations": {
      "src": "../../../../../node_modules/@angular/platform-browser/fesm2022/animations.mjs",
      "file": "@angular_platform-browser_animations.js",
      "fileHash": "db40f33a",
      "needsInterop": false
    },
    "@angular/router": {
      "src": "../../../../../node_modules/@angular/router/fesm2022/router.mjs",
      "file": "@angular_router.js",
      "fileHash": "b2cef907",
      "needsInterop": false
    },
    "rxjs": {
      "src": "../../../../../node_modules/rxjs/dist/esm5/index.js",
      "file": "rxjs.js",
      "fileHash": "c10362ef",
      "needsInterop": false
    },
    "rxjs/operators": {
      "src": "../../../../../node_modules/rxjs/dist/esm5/operators/index.js",
      "file": "rxjs_operators.js",
      "fileHash": "641a73a4",
      "needsInterop": false
    },
    "@angular/material/paginator": {
      "src": "../../../../../node_modules/@angular/material/fesm2022/paginator.mjs",
      "file": "@angular_material_paginator.js",
      "fileHash": "c9cd3ef4",
      "needsInterop": false
    }
  },
  "chunks": {
    "chunk-G5QFMSQW": {
      "file": "chunk-G5QFMSQW.js"
    },
    "chunk-EKD7ENEW": {
      "file": "chunk-EKD7ENEW.js"
    },
    "chunk-BFXJJ5M4": {
      "file": "chunk-BFXJJ5M4.js"
    },
    "chunk-VZPNQK4B": {
      "file": "chunk-VZPNQK4B.js"
    },
    "chunk-HLGAAUXZ": {
      "file": "chunk-HLGAAUXZ.js"
    },
    "chunk-DVU53F2F": {
      "file": "chunk-DVU53F2F.js"
    },
    "chunk-FUGTDLQW": {
      "file": "chunk-FUGTDLQW.js"
    },
    "chunk-JWFVXZTN": {
      "file": "chunk-JWFVXZTN.js"
    },
    "chunk-GY475XLT": {
      "file": "chunk-GY475XLT.js"
    },
    "chunk-FQPGRUHQ": {
      "file": "chunk-FQPGRUHQ.js"
    }
  }
}